{"batmanVSsuperman.txt": 0.0, "test2.txt": 1.5228426395939088, "batmanVSsuperman2.txt": 0.2564102564102564, "test.txt": 2.390998593530239}